Gene Symbol,Gene ID,PCC,Tumor
LINC00602,ENSG00000281832.1,0.53,LIHC Tumor
SLC16A14,ENSG00000163053.10,0.52,LIHC Tumor
AKAP12,ENSG00000131016.16,0.51,LIHC Tumor
GK,ENSG00000198814.12,0.51,LIHC Tumor
SLC25A15,ENSG00000102743.14,0.5,LIHC Tumor
CCRN4L,ENSG00000151014.5,0.5,LIHC Tumor
SLC7A2,ENSG00000003989.16,0.5,LIHC Tumor
GOT1,ENSG00000120053.10,0.5,LIHC Tumor
AVPI1,ENSG00000119986.6,0.48,LIHC Tumor
SDS,ENSG00000135094.10,0.47,LIHC Tumor
RP1-232L22__B.1,ENSG00000178146.9,0.47,LIHC Tumor
LINC00473,ENSG00000223414.2,0.46,LIHC Tumor
TNRC6C,ENSG00000078687.16,0.46,LIHC Tumor
PAIP2B,ENSG00000124374.8,0.46,LIHC Tumor
GRAMD4,ENSG00000075240.16,0.45,LIHC Tumor
FGB,ENSG00000171564.11,0.45,LIHC Tumor
ASL,ENSG00000126522.16,0.45,LIHC Tumor
RP13-870H17.3,ENSG00000254872.3,0.45,LIHC Tumor
ACKR3,ENSG00000144476.5,0.44,LIHC Tumor
RP11-1105O14.1,ENSG00000253270.1,0.43,LIHC Tumor
HAL,ENSG00000084110.10,0.43,LIHC Tumor
TNFRSF1B,ENSG00000028137.16,0.43,LIHC Tumor
OAT,ENSG00000065154.11,0.42,LIHC Tumor
AC009950.2,ENSG00000225963.7,0.42,LIHC Tumor
UNC5D,ENSG00000156687.10,0.42,LIHC Tumor
CTH,ENSG00000116761.11,0.42,LIHC Tumor
ARG2,ENSG00000081181.7,0.42,LIHC Tumor
MPC1,ENSG00000060762.18,0.42,LIHC Tumor
CPS1,ENSG00000021826.14,0.42,LIHC Tumor
PRR26,ENSG00000180525.11,0.41,LIHC Tumor
EYS,ENSG00000188107.13,0.41,LIHC Tumor
SERHL2,ENSG00000183569.17,0.41,LIHC Tumor
ACO1,ENSG00000122729.18,0.41,LIHC Tumor
ETS2,ENSG00000157557.11,0.41,LIHC Tumor
CHP1,ENSG00000187446.11,0.41,LIHC Tumor
IRF4,ENSG00000137265.14,0.41,LIHC Tumor
LINC00313,ENSG00000185186.8,0.41,LIHC Tumor
CXCL16,ENSG00000161921.14,0.4,LIHC Tumor
CHST8,ENSG00000124302.12,0.4,LIHC Tumor
AGA,ENSG00000038002.8,0.4,LIHC Tumor
FGA,ENSG00000171560.14,0.4,LIHC Tumor
AC008592.8,ENSG00000272021.1,0.4,LIHC Tumor
ARG1,ENSG00000118520.13,0.4,LIHC Tumor
OSBPL9,ENSG00000117859.18,0.4,LIHC Tumor
GPT,ENSG00000167701.13,0.4,LIHC Tumor
PDE4D,ENSG00000113448.16,0.4,LIHC Tumor
PCK1,ENSG00000124253.10,0.4,LIHC Tumor
PAK3,ENSG00000077264.14,0.4,LIHC Tumor
GDA,ENSG00000119125.16,0.4,LIHC Tumor
BDKRB2,ENSG00000168398.6,0.4,LIHC Tumor
HIGD1A,ENSG00000181061.13,0.4,LIHC Tumor
ASS1,ENSG00000130707.17,0.39,LIHC Tumor
PDE3A,ENSG00000172572.6,0.39,LIHC Tumor
PRODH,ENSG00000100033.16,0.39,LIHC Tumor
CPM,ENSG00000135678.11,0.39,LIHC Tumor
C9orf57,ENSG00000204669.9,0.39,LIHC Tumor
WI2-87327B8.2,ENSG00000273812.1,0.39,LIHC Tumor
ASS1P9,ENSG00000217791.4,0.39,LIHC Tumor
COX7A2P1,ENSG00000258626.2,0.39,LIHC Tumor
FGG,ENSG00000171557.16,0.38,LIHC Tumor
GPRIN3,ENSG00000185477.4,0.38,LIHC Tumor
DLL1,ENSG00000198719.8,0.38,LIHC Tumor
CH507-42P11.6,ENSG00000280179.1,0.38,LIHC Tumor
RP11-376O6.2,ENSG00000249084.1,0.38,LIHC Tumor
RP11-668G10.2,ENSG00000229894.3,0.38,LIHC Tumor
SAT1,ENSG00000130066.16,0.38,LIHC Tumor
BX842568.1,ENSG00000235510.1,0.38,LIHC Tumor
RNF152,ENSG00000176641.10,0.37,LIHC Tumor
RP11-356J5.12,ENSG00000250303.3,0.37,LIHC Tumor
HSPA4L,ENSG00000164070.11,0.37,LIHC Tumor
AC002480.4,ENSG00000232949.1,0.37,LIHC Tumor
TOX,ENSG00000198846.5,0.37,LIHC Tumor
PDE10A,ENSG00000112541.13,0.37,LIHC Tumor
FBP1,ENSG00000165140.9,0.37,LIHC Tumor
DUSP1,ENSG00000120129.5,0.37,LIHC Tumor
AGR2,ENSG00000106541.11,0.37,LIHC Tumor
PPARGC1A,ENSG00000109819.8,0.37,LIHC Tumor
RASD1,ENSG00000108551.4,0.37,LIHC Tumor
ASPG,ENSG00000166183.15,0.37,LIHC Tumor
RP11-59D5__B.2,ENSG00000236345.1,0.37,LIHC Tumor
RP11-42O15.3,ENSG00000271992.1,0.37,LIHC Tumor
ST13P20,ENSG00000215875.4,0.37,LIHC Tumor
PDE4B,ENSG00000184588.17,0.37,LIHC Tumor
C16orf47,ENSG00000197445.2,0.37,LIHC Tumor
PDE3B,ENSG00000152270.8,0.36,LIHC Tumor
SYT9,ENSG00000170743.16,0.36,LIHC Tumor
LINC00163,ENSG00000234880.1,0.36,LIHC Tumor
TGM2,ENSG00000198959.11,0.36,LIHC Tumor
TDO2,ENSG00000151790.8,0.36,LIHC Tumor
BHLHA15,ENSG00000180535.3,0.36,LIHC Tumor
GADD45B,ENSG00000099860.8,0.36,LIHC Tumor
RBP4,ENSG00000138207.12,0.36,LIHC Tumor
GNB5,ENSG00000069966.18,0.36,LIHC Tumor
FDPSP3,ENSG00000258872.2,0.36,LIHC Tumor
GLS2,ENSG00000135423.12,0.36,LIHC Tumor
AC007326.10,ENSG00000280418.1,0.36,LIHC Tumor
RP11-700H6.4,ENSG00000262006.1,0.36,LIHC Tumor
PPP2R1B,ENSG00000137713.15,0.36,LIHC Tumor
PCSK1,ENSG00000175426.10,0.36,LIHC Tumor
PRKACA,ENSG00000072062.13,0.36,LIHC Tumor
RP11-441O15.3,ENSG00000224934.2,0.35,LIHC Tumor
TESC-AS1,ENSG00000258285.1,0.35,LIHC Tumor
GLRX,ENSG00000173221.13,0.35,LIHC Tumor
NKX1-2,ENSG00000229544.8,0.35,LIHC Tumor
MCC,ENSG00000171444.17,0.35,LIHC Tumor
ZMYND15,ENSG00000141497.13,0.35,LIHC Tumor
NOVA1,ENSG00000139910.19,0.35,LIHC Tumor
ACMSD,ENSG00000153086.13,0.35,LIHC Tumor
RP11-404P21.9,ENSG00000258788.3,0.35,LIHC Tumor
PLGLB2,ENSG00000125551.18,0.35,LIHC Tumor
LINC01558,ENSG00000146521.9,0.35,LIHC Tumor
AP001048.4,ENSG00000223975.1,0.35,LIHC Tumor
FURIN,ENSG00000140564.10,0.35,LIHC Tumor
CCDC177,ENSG00000267909.2,0.34,LIHC Tumor
MUC13,ENSG00000173702.7,0.34,LIHC Tumor
HPD,ENSG00000158104.11,0.34,LIHC Tumor
ADGRG3,ENSG00000182885.16,0.34,LIHC Tumor
PLGLB1,ENSG00000183281.14,0.34,LIHC Tumor
RP11-242C19.2,ENSG00000241886.1,0.34,LIHC Tumor
BASP1,ENSG00000176788.8,0.34,LIHC Tumor
MOS,ENSG00000172680.1,0.34,LIHC Tumor
PCNT,ENSG00000160299.16,0.34,LIHC Tumor
TMEM163,ENSG00000152128.13,0.34,LIHC Tumor
RP11-605B16.1,ENSG00000282440.1,0.34,LIHC Tumor
GK-AS1,ENSG00000243055.1,0.34,LIHC Tumor
MIP,ENSG00000135517.6,0.34,LIHC Tumor
C10orf128,ENSG00000204161.13,0.34,LIHC Tumor
CH507-42P11.7,ENSG00000280095.1,0.34,LIHC Tumor
CYP2C18,ENSG00000108242.12,0.34,LIHC Tumor
AMDHD1,ENSG00000139344.7,0.34,LIHC Tumor
CH507-42P11.5,ENSG00000280191.3,0.34,LIHC Tumor
RP11-733C7.1,ENSG00000249091.1,0.34,LIHC Tumor
SDSL,ENSG00000139410.14,0.33,LIHC Tumor
RND1,ENSG00000172602.9,0.33,LIHC Tumor
GREM2,ENSG00000180875.4,0.33,LIHC Tumor
RP11-349F21.5,ENSG00000279903.1,0.33,LIHC Tumor
LINC01207,ENSG00000248771.5,0.33,LIHC Tumor
IL18R1,ENSG00000115604.10,0.33,LIHC Tumor
TAT,ENSG00000198650.10,0.33,LIHC Tumor
SLC38A4,ENSG00000139209.15,0.33,LIHC Tumor
ETNPPL,ENSG00000164089.8,0.33,LIHC Tumor
RP11-799B12.1,ENSG00000279332.1,0.33,LIHC Tumor
ASS1P1,ENSG00000220517.2,0.33,LIHC Tumor
CSRNP1,ENSG00000144655.14,0.33,LIHC Tumor
CDHR2,ENSG00000074276.10,0.33,LIHC Tumor
TSPAN13,ENSG00000106537.7,0.33,LIHC Tumor
LDHAL6B,ENSG00000171989.5,0.33,LIHC Tumor
NPY5R,ENSG00000164129.11,0.33,LIHC Tumor
SLC26A3,ENSG00000091138.12,0.33,LIHC Tumor
AP001042.1,ENSG00000229986.1,0.33,LIHC Tumor
RP11-180O5.2,ENSG00000226088.1,0.33,LIHC Tumor
RP11-173E2.2,ENSG00000250977.1,0.33,LIHC Tumor
EVA1C,ENSG00000166979.12,0.33,LIHC Tumor
LINC01348,ENSG00000280587.1,0.33,LIHC Tumor
HRSP12,ENSG00000132541.10,0.33,LIHC Tumor
AC073842.19,ENSG00000235077.1,0.33,LIHC Tumor
CH507-42P11.3,ENSG00000279769.1,0.32,LIHC Tumor
RP11-184M15.2,ENSG00000248802.1,0.32,LIHC Tumor
RPS6KA2,ENSG00000071242.11,0.32,LIHC Tumor
RP11-404P21.8,ENSG00000258691.1,0.32,LIHC Tumor
PER1,ENSG00000179094.13,0.32,LIHC Tumor
SLC27A2,ENSG00000140284.10,0.32,LIHC Tumor
SPCS3,ENSG00000129128.12,0.32,LIHC Tumor
ISG20,ENSG00000172183.14,0.32,LIHC Tumor
FAM167A,ENSG00000154319.14,0.32,LIHC Tumor
CGA,ENSG00000135346.8,0.32,LIHC Tumor
CH507-42P11.8,ENSG00000275993.2,0.32,LIHC Tumor
RP11-254I22.3,ENSG00000249746.1,0.32,LIHC Tumor
SPRYD4,ENSG00000176422.12,0.32,LIHC Tumor
KYNU,ENSG00000115919.14,0.32,LIHC Tumor
RP11-90L1.8,ENSG00000275880.1,0.32,LIHC Tumor
FBXO8,ENSG00000164117.12,0.32,LIHC Tumor
HPS5,ENSG00000110756.17,0.32,LIHC Tumor
ASS1P7,ENSG00000236893.1,0.32,LIHC Tumor
CA5A,ENSG00000174990.4,0.32,LIHC Tumor
ALDH7A1P2,ENSG00000232292.1,0.32,LIHC Tumor
CPE,ENSG00000109472.13,0.32,LIHC Tumor
MUC2,ENSG00000198788.8,0.32,LIHC Tumor
SLC25A48,ENSG00000145832.12,0.31,LIHC Tumor
ACSL1,ENSG00000151726.13,0.31,LIHC Tumor
CLRN2,ENSG00000249581.2,0.31,LIHC Tumor
C10orf71-AS1,ENSG00000236208.1,0.31,LIHC Tumor
GPT2,ENSG00000166123.13,0.31,LIHC Tumor
C1QL1,ENSG00000131094.3,0.31,LIHC Tumor
RP11-536P6.3,ENSG00000233179.1,0.31,LIHC Tumor
GALNTL6,ENSG00000174473.15,0.31,LIHC Tumor
EGFR,ENSG00000146648.15,0.31,LIHC Tumor
ALDOB,ENSG00000136872.17,0.31,LIHC Tumor
BCL2L10,ENSG00000137875.4,0.31,LIHC Tumor
MAP3K5,ENSG00000197442.9,0.31,LIHC Tumor
C5AR2,ENSG00000134830.5,0.31,LIHC Tumor
GLTPD2,ENSG00000182327.7,0.31,LIHC Tumor
AC002480.3,ENSG00000232759.1,0.31,LIHC Tumor
AKR7L,ENSG00000211454.13,0.31,LIHC Tumor
KMO,ENSG00000117009.11,0.31,LIHC Tumor
CTD-2589M5.4,ENSG00000255007.1,0.31,LIHC Tumor
PRKAG2-AS1,ENSG00000239911.2,0.31,LIHC Tumor
FLNB-AS1,ENSG00000244161.1,0.31,LIHC Tumor
AF064858.6,ENSG00000205622.9,0.31,LIHC Tumor
KIAA1324,ENSG00000116299.16,0.31,LIHC Tumor
FBXW7,ENSG00000109670.13,0.31,LIHC Tumor
WBP1LP1,ENSG00000243661.1,0.31,LIHC Tumor
LINC00987,ENSG00000237248.4,0.31,LIHC Tumor
RP11-108O10.2,ENSG00000254990.5,0.31,LIHC Tumor
TMEM123,ENSG00000152558.14,0.31,LIHC Tumor
SLC25A25,ENSG00000148339.12,0.3,LIHC Tumor
LARP1B,ENSG00000138709.17,0.3,LIHC Tumor
RP11-797A18.3,ENSG00000259652.1,0.3,LIHC Tumor
VSIG1,ENSG00000101842.13,0.3,LIHC Tumor
IL1RN,ENSG00000136689.18,0.3,LIHC Tumor
RP11-459F1.2,ENSG00000231297.3,0.3,LIHC Tumor
MAFK,ENSG00000198517.9,0.3,LIHC Tumor
NR4A3,ENSG00000119508.17,0.3,LIHC Tumor
FNDC3A,ENSG00000102531.16,0.3,LIHC Tumor
SCARA5,ENSG00000168079.16,0.3,LIHC Tumor
RP11-430B1.2,ENSG00000259577.1,0.3,LIHC Tumor
GLDC,ENSG00000178445.8,0.3,LIHC Tumor
AC016768.1,ENSG00000232451.1,0.3,LIHC Tumor
JADE1,ENSG00000077684.15,0.3,LIHC Tumor
DLGAP1-AS3,ENSG00000263724.1,0.3,LIHC Tumor
AGPAT9,ENSG00000138678.10,0.3,LIHC Tumor
CTD-2517M22.14,ENSG00000255182.2,0.3,LIHC Tumor
FNDC4,ENSG00000115226.9,0.3,LIHC Tumor
RP11-250B2.4,ENSG00000279022.1,0.3,LIHC Tumor
C10orf90,ENSG00000154493.17,0.3,LIHC Tumor
FAM46A,ENSG00000112773.15,0.3,LIHC Tumor
MYO1E,ENSG00000157483.8,0.3,LIHC Tumor
CA12,ENSG00000074410.13,0.3,LIHC Tumor
KIF26A,ENSG00000066735.14,0.3,LIHC Tumor
SLC2A9,ENSG00000109667.11,0.3,LIHC Tumor
XXbac-B444P24.10,ENSG00000161132.6,0.29,LIHC Tumor
RP11-25K19.1,ENSG00000167912.5,0.29,LIHC Tumor
AF196972.4,ENSG00000226971.1,0.29,LIHC Tumor
KLHL2,ENSG00000109466.13,0.29,LIHC Tumor
AASS,ENSG00000008311.14,0.29,LIHC Tumor
TMEM154,ENSG00000170006.11,0.29,LIHC Tumor
KCNK6,ENSG00000099337.4,0.29,LIHC Tumor
LINC00675,ENSG00000263429.3,0.29,LIHC Tumor
PLIN5,ENSG00000214456.8,0.29,LIHC Tumor
NAV2,ENSG00000166833.19,0.29,LIHC Tumor
RAPH1,ENSG00000173166.17,0.29,LIHC Tumor
RP4-712E4.1,ENSG00000226172.2,0.29,LIHC Tumor
PRDM15,ENSG00000141956.13,0.29,LIHC Tumor
LINC00319,ENSG00000188660.3,0.29,LIHC Tumor
LPIN2,ENSG00000101577.9,0.29,LIHC Tumor
ELL2,ENSG00000118985.14,0.29,LIHC Tumor
AC007182.6,ENSG00000224721.1,0.29,LIHC Tumor
MFSD2A,ENSG00000168389.17,0.29,LIHC Tumor
TTC39C,ENSG00000168234.12,0.29,LIHC Tumor
ERRFI1,ENSG00000116285.12,0.29,LIHC Tumor
TIGD2,ENSG00000180346.3,0.29,LIHC Tumor
RP11-863K10.7,ENSG00000183154.1,0.29,LIHC Tumor
RP11-380D15.3,ENSG00000230843.1,0.29,LIHC Tumor
LINC01146,ENSG00000258867.5,0.29,LIHC Tumor
WNT1,ENSG00000125084.11,0.29,LIHC Tumor
FZD10,ENSG00000111432.4,0.29,LIHC Tumor
FAM86FP,ENSG00000164845.16,0.29,LIHC Tumor
GUCA2B,ENSG00000044012.3,0.29,LIHC Tumor
DPCR1,ENSG00000168631.11,0.29,LIHC Tumor
ITIH4,ENSG00000055955.15,0.29,LIHC Tumor
CD38,ENSG00000004468.12,0.28,LIHC Tumor
RP11-9M16.3,ENSG00000271214.1,0.28,LIHC Tumor
PPTC7,ENSG00000196850.5,0.28,LIHC Tumor
SLC16A6,ENSG00000108932.11,0.28,LIHC Tumor
FCHO1,ENSG00000130475.14,0.28,LIHC Tumor
U3,ENSG00000200492.2,0.28,LIHC Tumor
CCNB1IP1P2,ENSG00000230860.1,0.28,LIHC Tumor
LL22NC03-121E8.3,ENSG00000229275.1,0.28,LIHC Tumor
GIMD1,ENSG00000250298.1,0.28,LIHC Tumor
IGHV3OR16-15,ENSG00000261834.2,0.28,LIHC Tumor
RP11-514F3.5,ENSG00000255186.1,0.28,LIHC Tumor
RNA5SP310,ENSG00000239152.1,0.28,LIHC Tumor
DNM1P33,ENSG00000260096.1,0.28,LIHC Tumor
RP11-426C22.5,ENSG00000260517.2,0.28,LIHC Tumor
AS3MT,ENSG00000214435.7,0.28,LIHC Tumor
KIAA0922,ENSG00000121210.15,0.28,LIHC Tumor
RP11-539E17.5,ENSG00000253258.1,0.28,LIHC Tumor
RN7SL491P,ENSG00000264400.2,0.28,LIHC Tumor
RP11-344F13.1,ENSG00000231606.1,0.28,LIHC Tumor
HPGD,ENSG00000164120.13,0.28,LIHC Tumor
CREB3L1,ENSG00000157613.10,0.28,LIHC Tumor
KIR3DL3,ENSG00000242019.1,0.28,LIHC Tumor
SLC46A2,ENSG00000119457.7,0.28,LIHC Tumor
PDX1-AS1,ENSG00000247381.2,0.28,LIHC Tumor
RP11-382M14.1,ENSG00000255353.1,0.28,LIHC Tumor
ACVR1C,ENSG00000123612.15,0.28,LIHC Tumor
PRKAG2,ENSG00000106617.13,0.28,LIHC Tumor
MRC1,ENSG00000260314.2,0.28,LIHC Tumor
C8B,ENSG00000021852.12,0.28,LIHC Tumor
ANGPTL4,ENSG00000167772.11,0.28,LIHC Tumor
LPAL2,ENSG00000213071.10,0.28,LIHC Tumor
HPX,ENSG00000110169.10,0.28,LIHC Tumor
ETFA,ENSG00000140374.15,0.28,LIHC Tumor
GFOD1,ENSG00000145990.10,0.28,LIHC Tumor
AC009963.3,ENSG00000233494.1,0.28,LIHC Tumor
IL18RAP,ENSG00000115607.9,0.28,LIHC Tumor
RP11-371F15.3,ENSG00000250195.1,0.27,LIHC Tumor
FGL1,ENSG00000104760.16,0.27,LIHC Tumor
CARKD,ENSG00000213995.11,0.27,LIHC Tumor
TRIM43,ENSG00000144015.4,0.27,LIHC Tumor
ISOC1,ENSG00000066583.11,0.27,LIHC Tumor
RP11-421P23.1,ENSG00000253199.1,0.27,LIHC Tumor
ADSSL1,ENSG00000185100.10,0.27,LIHC Tumor
NUP50-AS1,ENSG00000226328.6,0.27,LIHC Tumor
HSD17B2,ENSG00000086696.10,0.27,LIHC Tumor
RP11-286N22.16,ENSG00000279878.1,0.27,LIHC Tumor
AQP3,ENSG00000165272.14,0.27,LIHC Tumor
CXCL2,ENSG00000081041.8,0.27,LIHC Tumor
NR3C1,ENSG00000113580.14,0.27,LIHC Tumor
TRDV1,ENSG00000211804.3,0.27,LIHC Tumor
NAMPTP1,ENSG00000229644.6,0.27,LIHC Tumor
TRGV4,ENSG00000211698.2,0.27,LIHC Tumor
TGFBR1,ENSG00000106799.12,0.27,LIHC Tumor
PIGA,ENSG00000165195.13,0.27,LIHC Tumor
PLA2G2A,ENSG00000188257.10,0.27,LIHC Tumor
CCNH,ENSG00000134480.13,0.27,LIHC Tumor
RP11-248B24.1,ENSG00000279286.2,0.27,LIHC Tumor
RP11-54O7.16,ENSG00000272438.1,0.27,LIHC Tumor
NOX4,ENSG00000086991.12,0.27,LIHC Tumor
DGCR6,ENSG00000183628.12,0.27,LIHC Tumor
RP5-1103B4.3,ENSG00000236341.1,0.27,LIHC Tumor
RP11-398H6.1,ENSG00000254258.1,0.27,LIHC Tumor
RP11-88I21.2,ENSG00000244215.1,0.27,LIHC Tumor
LDHBP2,ENSG00000213684.4,0.27,LIHC Tumor
RARA-AS1,ENSG00000265666.1,0.27,LIHC Tumor
TRDV3,ENSG00000256590.2,0.27,LIHC Tumor
RP11-799B12.2,ENSG00000264924.1,0.27,LIHC Tumor
CTA-299D3.8,ENSG00000281732.1,0.27,LIHC Tumor
AP000797.3,ENSG00000256717.1,0.27,LIHC Tumor
TMED6,ENSG00000157315.4,0.27,LIHC Tumor
RP11-372K14.2,ENSG00000270681.1,0.27,LIHC Tumor
RP11-395B7.2,ENSG00000274993.1,0.27,LIHC Tumor
PON3,ENSG00000105852.10,0.27,LIHC Tumor
AREG,ENSG00000109321.10,0.27,LIHC Tumor
RP11-349F21.3,ENSG00000279271.1,0.26,LIHC Tumor
RPSAP64,ENSG00000227721.1,0.26,LIHC Tumor
RP11-343C2.7,ENSG00000259900.5,0.26,LIHC Tumor
LOH12CR1,ENSG00000165714.10,0.26,LIHC Tumor
DLST,ENSG00000119689.14,0.26,LIHC Tumor
RP11-434I12.3,ENSG00000253339.1,0.26,LIHC Tumor
RP11-361D15.2,ENSG00000259238.1,0.26,LIHC Tumor
CXCR6,ENSG00000172215.5,0.26,LIHC Tumor
SLC38A2,ENSG00000134294.13,0.26,LIHC Tumor
EIF5,ENSG00000100664.10,0.26,LIHC Tumor
IMMP2L,ENSG00000184903.9,0.26,LIHC Tumor
CTB-50L17.14,ENSG00000267385.1,0.26,LIHC Tumor
ALDH8A1,ENSG00000118514.13,0.26,LIHC Tumor
C8orf4,ENSG00000176907.4,0.26,LIHC Tumor
NR4A2,ENSG00000153234.13,0.26,LIHC Tumor
SEC24D,ENSG00000150961.14,0.26,LIHC Tumor
SERPINB8,ENSG00000166401.13,0.26,LIHC Tumor
AC091878.1,ENSG00000215196.4,0.26,LIHC Tumor
RP11-422N16.3,ENSG00000248050.1,0.26,LIHC Tumor
RP11-327F22.1,ENSG00000260929.1,0.26,LIHC Tumor
PTCHD3P2,ENSG00000231550.1,0.26,LIHC Tumor
GLDCP1,ENSG00000248590.2,0.26,LIHC Tumor
PTP4A1,ENSG00000112245.9,0.26,LIHC Tumor
CNTFR-AS1,ENSG00000237159.5,0.26,LIHC Tumor
LINC00543,ENSG00000260704.1,0.26,LIHC Tumor
KLRD1,ENSG00000134539.16,0.26,LIHC Tumor
FOXO1,ENSG00000150907.6,0.26,LIHC Tumor
KDM8,ENSG00000155666.11,0.26,LIHC Tumor
FES,ENSG00000182511.11,0.26,LIHC Tumor
LPA,ENSG00000198670.11,0.26,LIHC Tumor
UGT2B11,ENSG00000213759.8,0.26,LIHC Tumor
DGCR5,ENSG00000237517.8,0.26,LIHC Tumor
KSR1,ENSG00000141068.13,0.26,LIHC Tumor
RP11-58O9.2,ENSG00000279806.1,0.26,LIHC Tumor
ZC3H14,ENSG00000100722.18,0.26,LIHC Tumor
KIAA0040,ENSG00000235750.9,0.26,LIHC Tumor
CATSPERB,ENSG00000133962.7,0.26,LIHC Tumor
SLC6A3,ENSG00000142319.17,0.26,LIHC Tumor
MUC5AC,ENSG00000215182.8,0.26,LIHC Tumor
PIK3C2G,ENSG00000139144.9,0.26,LIHC Tumor
LINC01093,ENSG00000249173.5,0.26,LIHC Tumor
HPN-AS1,ENSG00000227392.1,0.26,LIHC Tumor
BTF3P4,ENSG00000224820.2,0.26,LIHC Tumor
TBX15,ENSG00000092607.13,0.26,LIHC Tumor
APOF,ENSG00000175336.9,0.26,LIHC Tumor
RP11-621H8.1,ENSG00000259208.2,0.26,LIHC Tumor
SLC8B1,ENSG00000089060.11,0.26,LIHC Tumor
RP11-250B2.3,ENSG00000233967.6,0.26,LIHC Tumor
HOPX,ENSG00000171476.21,0.26,LIHC Tumor
RP11-158M2.3,ENSG00000259407.1,0.25,LIHC Tumor
FSHB,ENSG00000131808.10,0.25,LIHC Tumor
RP3-446N13.5,ENSG00000275212.1,0.25,LIHC Tumor
CDA,ENSG00000158825.5,0.25,LIHC Tumor
RP11-513G11.2,ENSG00000228271.1,0.25,LIHC Tumor
SFMBT2,ENSG00000198879.11,0.25,LIHC Tumor
TTC39C-AS1,ENSG00000264745.1,0.25,LIHC Tumor
ZFP36,ENSG00000128016.5,0.25,LIHC Tumor
TECPR1,ENSG00000205356.9,0.25,LIHC Tumor
NAMPT,ENSG00000105835.11,0.25,LIHC Tumor
RP11-737O24.3,ENSG00000263606.1,0.25,LIHC Tumor
RP11-285E9.6,ENSG00000263718.2,0.25,LIHC Tumor
CTD-3212A4.2,ENSG00000282692.1,0.25,LIHC Tumor
KIR3DL1,ENSG00000167633.16,0.25,LIHC Tumor
CIDEB,ENSG00000136305.11,0.25,LIHC Tumor
TUBE1,ENSG00000074935.13,0.25,LIHC Tumor
RP11-752D24.2,ENSG00000248115.1,0.25,LIHC Tumor
SLC10A6,ENSG00000145283.7,0.25,LIHC Tumor
GNPNAT1,ENSG00000100522.8,0.25,LIHC Tumor
CD160,ENSG00000117281.15,0.25,LIHC Tumor
RP11-902B17.1,ENSG00000247287.2,0.25,LIHC Tumor
PLGLA,ENSG00000240935.6,0.25,LIHC Tumor
RP11-314N13.10,ENSG00000274322.1,0.25,LIHC Tumor
CNIH1,ENSG00000100528.11,0.25,LIHC Tumor
C16orf45,ENSG00000166780.10,0.25,LIHC Tumor
OSBPL10-AS1,ENSG00000232490.6,0.25,LIHC Tumor
SLC10A7,ENSG00000120519.14,0.25,LIHC Tumor
RCL1,ENSG00000120158.11,0.25,LIHC Tumor
C8G,ENSG00000176919.11,0.25,LIHC Tumor
MAN2A2,ENSG00000196547.14,0.25,LIHC Tumor
RP11-400G3.5,ENSG00000276490.1,0.25,LIHC Tumor
ERVH-1,ENSG00000251292.1,0.25,LIHC Tumor
MRAP,ENSG00000170262.12,0.24,LIHC Tumor
RP11-300D11.3,ENSG00000276620.1,0.24,LIHC Tumor
FOXC2,ENSG00000176692.5,0.24,LIHC Tumor
RP11-440I14.2,ENSG00000250596.1,0.24,LIHC Tumor
APOLD1,ENSG00000178878.12,0.24,LIHC Tumor
AC144449.1,ENSG00000231969.1,0.24,LIHC Tumor
RP11-384F7.2,ENSG00000239268.2,0.24,LIHC Tumor
CYP19A1,ENSG00000137869.13,0.24,LIHC Tumor
GRIK1,ENSG00000171189.16,0.24,LIHC Tumor
EDEM1,ENSG00000134109.10,0.24,LIHC Tumor
BCKDHB,ENSG00000083123.14,0.24,LIHC Tumor
FLVCR2,ENSG00000119686.9,0.24,LIHC Tumor
FA2H,ENSG00000103089.8,0.24,LIHC Tumor
PARM1,ENSG00000169116.11,0.24,LIHC Tumor
CDH17,ENSG00000079112.9,0.24,LIHC Tumor
RP11-485O10.2,ENSG00000259670.1,0.24,LIHC Tumor
AZGP1P1,ENSG00000214313.8,0.24,LIHC Tumor
SLC35B4,ENSG00000205060.10,0.24,LIHC Tumor
ZBTB16,ENSG00000109906.13,0.24,LIHC Tumor
KIR2DL1,ENSG00000125498.19,0.24,LIHC Tumor
HGD,ENSG00000113924.11,0.24,LIHC Tumor
COQ2,ENSG00000173085.13,0.24,LIHC Tumor
RP11-1055B8.2,ENSG00000263154.1,0.24,LIHC Tumor
RP11-556I14.1,ENSG00000248373.5,0.24,LIHC Tumor
C4orf29,ENSG00000164074.14,0.24,LIHC Tumor
RP11-303E16.8,ENSG00000260643.1,0.24,LIHC Tumor
MUC6,ENSG00000184956.15,0.24,LIHC Tumor
SMPDL3A,ENSG00000172594.12,0.24,LIHC Tumor
CACNA2D1,ENSG00000153956.15,0.24,LIHC Tumor
PHYKPL,ENSG00000175309.14,0.24,LIHC Tumor
RP11-356O9.2,ENSG00000259087.5,0.24,LIHC Tumor
ADAMTS1,ENSG00000154734.14,0.24,LIHC Tumor
NAV2-AS1,ENSG00000254894.1,0.24,LIHC Tumor
LYPD1,ENSG00000150551.10,0.24,LIHC Tumor
ATP6V0A4,ENSG00000105929.15,0.24,LIHC Tumor
RN7SL151P,ENSG00000244230.3,0.24,LIHC Tumor
PTS,ENSG00000150787.7,0.24,LIHC Tumor
ATP5G1P6,ENSG00000214318.3,0.24,LIHC Tumor
ITPRIP,ENSG00000148841.15,0.24,LIHC Tumor
RP11-872D17.8,ENSG00000254979.5,0.24,LIHC Tumor
RASGEF1B,ENSG00000138670.16,0.24,LIHC Tumor
RP3-518E13.2,ENSG00000260990.1,0.24,LIHC Tumor
FAM179A,ENSG00000189350.12,0.24,LIHC Tumor
LEPR,ENSG00000116678.18,0.24,LIHC Tumor
SNAI1,ENSG00000124216.3,0.24,LIHC Tumor
SOX1,ENSG00000182968.4,0.24,LIHC Tumor
PRAMEF10,ENSG00000187545.5,0.24,LIHC Tumor
RP11-256L6.3,ENSG00000257878.1,0.24,LIHC Tumor
SIK1,ENSG00000142178.7,0.24,LIHC Tumor
CD302,ENSG00000241399.6,0.24,LIHC Tumor
RP11-156K13.2,ENSG00000253215.1,0.24,LIHC Tumor
SMUG1P1,ENSG00000267444.1,0.24,LIHC Tumor
PNRC1,ENSG00000146278.10,0.23,LIHC Tumor
TFF1,ENSG00000160182.2,0.23,LIHC Tumor
CPT1A,ENSG00000110090.12,0.23,LIHC Tumor
NNMT,ENSG00000166741.7,0.23,LIHC Tumor
CEP128,ENSG00000100629.16,0.23,LIHC Tumor
DUSP16,ENSG00000111266.8,0.23,LIHC Tumor
LINC01307,ENSG00000231671.1,0.23,LIHC Tumor
EDNRB-AS1,ENSG00000225579.1,0.23,LIHC Tumor
RP5-966M1.6,ENSG00000243696.4,0.23,LIHC Tumor
RP11-461O14.3,ENSG00000271196.1,0.23,LIHC Tumor
TMED10,ENSG00000170348.8,0.23,LIHC Tumor
MAPK4,ENSG00000141639.11,0.23,LIHC Tumor
AF064858.8,ENSG00000235888.1,0.23,LIHC Tumor
SEC23A,ENSG00000100934.14,0.23,LIHC Tumor
RP5-1132H15.3,ENSG00000229886.1,0.23,LIHC Tumor
FOXE3,ENSG00000186790.5,0.23,LIHC Tumor
IRF8,ENSG00000140968.10,0.23,LIHC Tumor
C3P1,ENSG00000167798.16,0.23,LIHC Tumor
IL2RB,ENSG00000100385.13,0.23,LIHC Tumor
RGPD2,ENSG00000185304.13,0.23,LIHC Tumor
PALM2-AKAP2,ENSG00000157654.17,0.23,LIHC Tumor
TRGV2,ENSG00000233306.2,0.23,LIHC Tumor
CTPS1,ENSG00000171793.13,0.23,LIHC Tumor
MRPS10P2,ENSG00000234325.1,0.23,LIHC Tumor
CPS1-IT1,ENSG00000280837.1,0.23,LIHC Tumor
GC,ENSG00000145321.12,0.23,LIHC Tumor
RP11-403B2.5,ENSG00000259443.1,0.23,LIHC Tumor
FBXO39,ENSG00000177294.6,0.23,LIHC Tumor
MYL6BP1,ENSG00000228380.1,0.23,LIHC Tumor
AC007278.3,ENSG00000234389.1,0.23,LIHC Tumor
AKAP2,ENSG00000241978.9,0.23,LIHC Tumor
NR4A1,ENSG00000123358.19,0.23,LIHC Tumor
DPP10,ENSG00000175497.16,0.23,LIHC Tumor
CTD-2184D3.7,ENSG00000259709.1,0.23,LIHC Tumor
ARHGAP26-IT1,ENSG00000230789.1,0.23,LIHC Tumor
AC073621.2,ENSG00000227158.1,0.23,LIHC Tumor
SNX29P2,ENSG00000198106.8,0.23,LIHC Tumor
NPY1R,ENSG00000164128.6,0.23,LIHC Tumor
ABHD2,ENSG00000140526.16,0.23,LIHC Tumor
SUMO2P6,ENSG00000249031.1,0.23,LIHC Tumor
KB-1184D12.1,ENSG00000253585.1,0.23,LIHC Tumor
NTS,ENSG00000133636.10,0.23,LIHC Tumor
DIO2,ENSG00000211448.11,0.23,LIHC Tumor
PHACTR2,ENSG00000112419.14,0.23,LIHC Tumor
AC140912.1,ENSG00000261227.2,0.23,LIHC Tumor
KIR3DL2,ENSG00000240403.5,0.23,LIHC Tumor
CTC-360P9.1,ENSG00000267012.1,0.23,LIHC Tumor
STRIP2,ENSG00000128578.9,0.23,LIHC Tumor
RP11-250B2.6,ENSG00000272129.1,0.23,LIHC Tumor
Metazoa_SRP,ENSG00000277740.1,0.23,LIHC Tumor
RP11-414J4.2,ENSG00000261606.5,0.23,LIHC Tumor
SERPING1,ENSG00000149131.15,0.23,LIHC Tumor
AGXT,ENSG00000172482.4,0.23,LIHC Tumor
SLC22A8,ENSG00000149452.15,0.23,LIHC Tumor
EIF3J,ENSG00000104131.12,0.23,LIHC Tumor
BRSK2,ENSG00000174672.15,0.23,LIHC Tumor
LRRC70,ENSG00000186105.7,0.23,LIHC Tumor
RP11-473E2.2,ENSG00000223795.2,0.23,LIHC Tumor
RP11-326C3.12,ENSG00000255328.1,0.23,LIHC Tumor
BZW1,ENSG00000082153.17,0.23,LIHC Tumor
IFITM1,ENSG00000185885.15,0.23,LIHC Tumor
AKTIP,ENSG00000166971.16,0.23,LIHC Tumor
RP5-1086L22.1,ENSG00000230960.1,0.23,LIHC Tumor
MUCL1,ENSG00000172551.10,0.23,LIHC Tumor
ERGIC1,ENSG00000113719.15,0.23,LIHC Tumor
CTC-265F19.2,ENSG00000267412.1,0.23,LIHC Tumor
Metazoa_SRP,ENSG00000275460.1,0.23,LIHC Tumor
RN7SL862P,ENSG00000242651.3,0.23,LIHC Tumor
RPL19P13,ENSG00000239315.4,0.23,LIHC Tumor
WI2-2373I1.1,ENSG00000248999.1,0.23,LIHC Tumor
RP11-720L3.1,ENSG00000279962.1,0.23,LIHC Tumor
CTD-2254N19.1,ENSG00000248935.1,0.23,LIHC Tumor
RP11-489E7.1,ENSG00000253604.1,0.23,LIHC Tumor
SNRPEP7,ENSG00000225990.2,0.23,LIHC Tumor
TMEM45A,ENSG00000181458.10,0.23,LIHC Tumor
INSIG1,ENSG00000186480.12,0.23,LIHC Tumor
RAB27A,ENSG00000069974.15,0.23,LIHC Tumor
KIR2DL3,ENSG00000243772.6,0.23,LIHC Tumor
MCTP2,ENSG00000140563.14,0.23,LIHC Tumor
FAM83A-AS1,ENSG00000204949.8,0.23,LIHC Tumor
LPL,ENSG00000175445.14,0.22,LIHC Tumor
RP13-238F13.3,ENSG00000271434.3,0.22,LIHC Tumor
CBS,ENSG00000160200.17,0.22,LIHC Tumor
ANKRD18DP,ENSG00000226435.10,0.22,LIHC Tumor
FLJ45079,ENSG00000204283.3,0.22,LIHC Tumor
CPLX3,ENSG00000213578.5,0.22,LIHC Tumor
AC019178.2,ENSG00000213110.2,0.22,LIHC Tumor
POGLUT1,ENSG00000163389.10,0.22,LIHC Tumor
C11orf54,ENSG00000182919.14,0.22,LIHC Tumor
LRG1,ENSG00000171236.9,0.22,LIHC Tumor
PLAC4,ENSG00000225745.8,0.22,LIHC Tumor
PPIAP20,ENSG00000235686.1,0.22,LIHC Tumor
SUMO2P7,ENSG00000249838.1,0.22,LIHC Tumor
RP11-744J10.2,ENSG00000253216.1,0.22,LIHC Tumor
CTD-2363C16.1,ENSG00000253811.1,0.22,LIHC Tumor
BTG3P1,ENSG00000235334.1,0.22,LIHC Tumor
RP5-1031D4.3,ENSG00000278982.1,0.22,LIHC Tumor
OR1L3,ENSG00000171481.3,0.22,LIHC Tumor
DRAIC,ENSG00000245750.7,0.22,LIHC Tumor
LINC01411,ENSG00000249306.5,0.22,LIHC Tumor
ABHD5,ENSG00000011198.7,0.22,LIHC Tumor
COX5BP2,ENSG00000213111.5,0.22,LIHC Tumor
USP38,ENSG00000170185.9,0.22,LIHC Tumor
POR,ENSG00000127948.13,0.22,LIHC Tumor
PLAC4,ENSG00000280109.1,0.22,LIHC Tumor
RP11-395N21.2,ENSG00000279083.1,0.22,LIHC Tumor
HMGB3P32,ENSG00000260828.1,0.22,LIHC Tumor
CCDC168,ENSG00000175820.3,0.22,LIHC Tumor
ORM1,ENSG00000229314.5,0.22,LIHC Tumor
KB-1247B1.1,ENSG00000249510.1,0.22,LIHC Tumor
TOB1,ENSG00000141232.4,0.22,LIHC Tumor
RP11-426C22.6,ENSG00000260953.1,0.22,LIHC Tumor
STAR,ENSG00000147465.11,0.22,LIHC Tumor
PNP,ENSG00000198805.11,0.22,LIHC Tumor
EPAS1,ENSG00000116016.13,0.22,LIHC Tumor
AC007163.6,ENSG00000230408.3,0.22,LIHC Tumor
RP11-402J7.2,ENSG00000244720.1,0.22,LIHC Tumor
TTTY2,ENSG00000212855.5,0.22,LIHC Tumor
ARPP21,ENSG00000172995.16,0.22,LIHC Tumor
RP5-1173I20.1,ENSG00000270797.1,0.22,LIHC Tumor
RP11-380P13.1,ENSG00000250137.1,0.22,LIHC Tumor
LDHB,ENSG00000111716.12,0.22,LIHC Tumor
IL1RL1,ENSG00000115602.16,0.22,LIHC Tumor
BACE2-IT1,ENSG00000224388.1,0.22,LIHC Tumor
DPP10-AS1,ENSG00000235026.5,0.22,LIHC Tumor
AC020550.7,ENSG00000231699.1,0.22,LIHC Tumor
CCDC69,ENSG00000198624.12,0.22,LIHC Tumor
MTHFS,ENSG00000136371.9,0.22,LIHC Tumor
RN7SL472P,ENSG00000240457.3,0.22,LIHC Tumor
PALM2,ENSG00000243444.7,0.22,LIHC Tumor
RP11-284H19.1,ENSG00000256879.1,0.22,LIHC Tumor
RP11-405A12.1,ENSG00000256849.1,0.22,LIHC Tumor
HPN,ENSG00000105707.13,0.22,LIHC Tumor
C16orf46,ENSG00000166455.13,0.22,LIHC Tumor
LINC01067,ENSG00000236053.1,0.22,LIHC Tumor
AC016712.1,ENSG00000203531.3,0.22,LIHC Tumor
NRG2,ENSG00000158458.19,0.22,LIHC Tumor
TGDS,ENSG00000088451.10,0.22,LIHC Tumor
RP11-12M5.3,ENSG00000229407.5,0.22,LIHC Tumor
SCGB2A2,ENSG00000110484.6,0.22,LIHC Tumor
PRF1,ENSG00000180644.6,0.22,LIHC Tumor
AC004069.1,ENSG00000251473.2,0.22,LIHC Tumor
EML5,ENSG00000165521.15,0.22,LIHC Tumor
DDIT4,ENSG00000168209.4,0.22,LIHC Tumor
GCNT1P4,ENSG00000219653.1,0.22,LIHC Tumor
FAM167A-AS1,ENSG00000184608.8,0.22,LIHC Tumor
RP11-334L9.1,ENSG00000215895.4,0.22,LIHC Tumor
SNX29P2,ENSG00000271699.5,0.22,LIHC Tumor
SDCBP2,ENSG00000125775.14,0.22,LIHC Tumor
RP11-94M14.2,ENSG00000224750.6,0.22,LIHC Tumor
ARL5B,ENSG00000165997.4,0.22,LIHC Tumor
RP11-327P2.6,ENSG00000279677.1,0.22,LIHC Tumor
TMED7-TICAM2,ENSG00000251201.8,0.22,LIHC Tumor
CD5L,ENSG00000073754.5,0.22,LIHC Tumor
RP11-622J8.1,ENSG00000249111.1,0.22,LIHC Tumor
F11-AS1,ENSG00000251165.5,0.22,LIHC Tumor
AC004019.13,ENSG00000236754.5,0.22,LIHC Tumor
RP11-863P13.2,ENSG00000261816.1,0.22,LIHC Tumor
SLCO1B1,ENSG00000134538.2,0.22,LIHC Tumor
RP11-728K20.2,ENSG00000260555.1,0.22,LIHC Tumor
SCGB2A1,ENSG00000124939.5,0.22,LIHC Tumor
SORBS1,ENSG00000095637.20,0.22,LIHC Tumor
RP11-1069G10.1,ENSG00000259370.2,0.21,LIHC Tumor
RP13-452N2.1,ENSG00000242048.3,0.21,LIHC Tumor
OR7E121P,ENSG00000244222.2,0.21,LIHC Tumor
PRKCH,ENSG00000027075.13,0.21,LIHC Tumor
CYP21A2,ENSG00000231852.6,0.21,LIHC Tumor
RP11-426C22.7,ENSG00000273582.1,0.21,LIHC Tumor
TTC39B,ENSG00000155158.20,0.21,LIHC Tumor
CDK9,ENSG00000136807.11,0.21,LIHC Tumor
TLE6,ENSG00000104953.18,0.21,LIHC Tumor
OTUD7A,ENSG00000169918.9,0.21,LIHC Tumor
AC008079.9,ENSG00000187979.4,0.21,LIHC Tumor
RP1-95L4.4,ENSG00000217648.1,0.21,LIHC Tumor
RP5-849H19.3,ENSG00000278967.1,0.21,LIHC Tumor
AC079610.1,ENSG00000273118.1,0.21,LIHC Tumor
DNAJA1,ENSG00000086061.15,0.21,LIHC Tumor
RP11-60L3.6,ENSG00000277749.1,0.21,LIHC Tumor
TSC22D3,ENSG00000157514.16,0.21,LIHC Tumor
PBX1,ENSG00000185630.18,0.21,LIHC Tumor
TTTY2B,ENSG00000212856.5,0.21,LIHC Tumor
CTD-2562J17.6,ENSG00000279117.1,0.21,LIHC Tumor
KLF15,ENSG00000163884.3,0.21,LIHC Tumor
RP11-753D20.4,ENSG00000259998.1,0.21,LIHC Tumor
NR3C2,ENSG00000151623.14,0.21,LIHC Tumor
KLRC1,ENSG00000134545.13,0.21,LIHC Tumor
PTGDR,ENSG00000168229.3,0.21,LIHC Tumor
GPR150,ENSG00000178015.4,0.21,LIHC Tumor
STX11,ENSG00000135604.9,0.21,LIHC Tumor
RDH10,ENSG00000121039.9,0.21,LIHC Tumor
AC009227.2,ENSG00000224675.1,0.21,LIHC Tumor
FCRL6,ENSG00000181036.13,0.21,LIHC Tumor
RP11-724N1.1,ENSG00000272912.1,0.21,LIHC Tumor
GLYATL1P4,ENSG00000254399.2,0.21,LIHC Tumor
IL33,ENSG00000137033.11,0.21,LIHC Tumor
BX842568.2,ENSG00000223723.1,0.21,LIHC Tumor
OR51G1,ENSG00000278870.1,0.21,LIHC Tumor
OCM2,ENSG00000135175.5,0.21,LIHC Tumor
UBL3,ENSG00000122042.9,0.21,LIHC Tumor
RP11-340A13.3,ENSG00000250375.2,0.21,LIHC Tumor
F2RL3,ENSG00000127533.3,0.21,LIHC Tumor
AC010745.1,ENSG00000226041.1,0.21,LIHC Tumor
RP11-504A18.1,ENSG00000260971.3,0.21,LIHC Tumor
SLC25A18,ENSG00000182902.13,0.21,LIHC Tumor
POLR2C,ENSG00000102978.12,0.21,LIHC Tumor
CACNA1C,ENSG00000151067.20,0.21,LIHC Tumor
GZMA,ENSG00000145649.7,0.21,LIHC Tumor
EIF4E3,ENSG00000163412.12,0.21,LIHC Tumor
SHROOM3,ENSG00000138771.14,0.21,LIHC Tumor
GOLPH3,ENSG00000113384.13,0.21,LIHC Tumor
RP11-87E22.2,ENSG00000248738.6,0.21,LIHC Tumor
CCDC38,ENSG00000165972.12,0.21,LIHC Tumor
RP11-301L8.2,ENSG00000233110.1,0.21,LIHC Tumor
KIAA1683,ENSG00000130518.16,0.21,LIHC Tumor
ADGRG5,ENSG00000159618.15,0.21,LIHC Tumor
GYS2,ENSG00000111713.2,0.21,LIHC Tumor
RP11-136K7.2,ENSG00000250387.2,0.21,LIHC Tumor
PEAR1,ENSG00000187800.13,0.21,LIHC Tumor
RP11-74M13.4,ENSG00000258679.1,0.21,LIHC Tumor
LINC00159,ENSG00000230323.5,0.21,LIHC Tumor
TNFRSF10A,ENSG00000104689.9,0.21,LIHC Tumor
SLC20A1,ENSG00000144136.10,0.21,LIHC Tumor
SLCO2B1,ENSG00000137491.14,0.21,LIHC Tumor
RP3-342P20.2,ENSG00000228477.1,0.21,LIHC Tumor
TEK,ENSG00000120156.20,0.21,LIHC Tumor
FAM131C,ENSG00000185519.8,0.21,LIHC Tumor
DUSP4,ENSG00000120875.8,0.21,LIHC Tumor
RP13-143G15.4,ENSG00000237596.6,0.21,LIHC Tumor
MARC1,ENSG00000186205.12,0.21,LIHC Tumor
XDH,ENSG00000158125.9,0.21,LIHC Tumor
SGK1,ENSG00000118515.11,0.21,LIHC Tumor
WFDC2,ENSG00000101443.17,0.21,LIHC Tumor
RP11-344B2.3,ENSG00000263904.1,0.21,LIHC Tumor
CNTFR,ENSG00000122756.14,0.21,LIHC Tumor
SPTSSA,ENSG00000165389.6,0.21,LIHC Tumor
PSD3,ENSG00000156011.16,0.21,LIHC Tumor
TMOD1,ENSG00000136842.13,0.21,LIHC Tumor
C10orf32,ENSG00000166275.15,0.21,LIHC Tumor
RPS6KA2-IT1,ENSG00000232082.1,0.21,LIHC Tumor
SLC35C1,ENSG00000181830.8,0.21,LIHC Tumor
AP000695.6,ENSG00000230479.1,0.21,LIHC Tumor
INPP1,ENSG00000151689.12,0.21,LIHC Tumor
PLEKHH1,ENSG00000054690.13,0.21,LIHC Tumor
GAREM,ENSG00000141441.15,0.21,LIHC Tumor
YAF2,ENSG00000015153.14,0.21,LIHC Tumor
CP,ENSG00000047457.13,0.21,LIHC Tumor
ACTL9,ENSG00000181786.4,0.21,LIHC Tumor
RP11-459D22.1,ENSG00000255960.1,0.21,LIHC Tumor
MBOAT4,ENSG00000177669.3,0.21,LIHC Tumor
FOS,ENSG00000170345.9,0.21,LIHC Tumor
SCML4,ENSG00000146285.13,0.21,LIHC Tumor
SHMT1P1,ENSG00000224751.2,0.21,LIHC Tumor
RP11-326L17.1,ENSG00000260685.1,0.21,LIHC Tumor
GPN3,ENSG00000111231.8,0.21,LIHC Tumor
CARD8-AS1,ENSG00000268001.1,0.21,LIHC Tumor
AC003002.4,ENSG00000268133.1,0.21,LIHC Tumor
KIR2DP1,ENSG00000242473.1,0.21,LIHC Tumor
LIN52,ENSG00000205659.10,0.21,LIHC Tumor
OR6T1,ENSG00000181499.2,0.21,LIHC Tumor
CTA-221G9.12,ENSG00000203280.4,0.21,LIHC Tumor
PITPNM1,ENSG00000110697.12,0.21,LIHC Tumor
RP4-801G22.2,ENSG00000236731.1,0.21,LIHC Tumor
CTD-2049O17.1,ENSG00000248185.1,0.21,LIHC Tumor
GPR171,ENSG00000174946.6,0.21,LIHC Tumor
AZGP1P2,ENSG00000214252.4,0.21,LIHC Tumor
CYP27B1,ENSG00000111012.9,0.21,LIHC Tumor
B2M,ENSG00000166710.17,0.21,LIHC Tumor
AC008154.5,ENSG00000229177.1,0.21,LIHC Tumor
RP11-267D19.2,ENSG00000257316.1,0.2,LIHC Tumor
DPF3,ENSG00000205683.11,0.2,LIHC Tumor
CTC-276P9.3,ENSG00000248482.1,0.2,LIHC Tumor
CHRM1,ENSG00000168539.3,0.2,LIHC Tumor
GOLGA2P11,ENSG00000260062.3,0.2,LIHC Tumor
PPP1R36,ENSG00000165807.7,0.2,LIHC Tumor
TRIM40,ENSG00000204614.8,0.2,LIHC Tumor
FEM1B,ENSG00000169018.5,0.2,LIHC Tumor
C1S,ENSG00000182326.14,0.2,LIHC Tumor
RFK,ENSG00000135002.11,0.2,LIHC Tumor
MT-ATP8,ENSG00000228253.1,0.2,LIHC Tumor
ERICH1-AS1,ENSG00000237647.8,0.2,LIHC Tumor
ABCA5,ENSG00000154265.15,0.2,LIHC Tumor
LIPM,ENSG00000173239.13,0.2,LIHC Tumor
CKMT1B,ENSG00000237289.9,0.2,LIHC Tumor
F2,ENSG00000180210.14,0.2,LIHC Tumor
LINC00567,ENSG00000259831.1,0.2,LIHC Tumor
PNPLA8,ENSG00000135241.16,0.2,LIHC Tumor
CRCP,ENSG00000241258.6,0.2,LIHC Tumor
CDCA4P4,ENSG00000234219.1,0.2,LIHC Tumor
RP11-336N8.2,ENSG00000233947.1,0.2,LIHC Tumor
CEBPB,ENSG00000172216.5,0.2,LIHC Tumor
AD000091.3,ENSG00000267135.2,0.2,LIHC Tumor
LINC00907,ENSG00000267586.6,0.2,LIHC Tumor
RP1-225E12.2,ENSG00000231329.7,0.2,LIHC Tumor
CD274,ENSG00000120217.13,0.2,LIHC Tumor
GPC6,ENSG00000183098.10,0.2,LIHC Tumor
FAM163A,ENSG00000143340.6,0.2,LIHC Tumor
PAH,ENSG00000171759.8,0.2,LIHC Tumor
PTPRB,ENSG00000127329.14,0.2,LIHC Tumor
SHPK,ENSG00000197417.7,0.2,LIHC Tumor
TRGC2,ENSG00000227191.6,0.2,LIHC Tumor
FAAH2,ENSG00000165591.6,0.2,LIHC Tumor
ABAT,ENSG00000183044.11,0.2,LIHC Tumor
LPAR3,ENSG00000171517.5,0.2,LIHC Tumor
RP11-234B24.2,ENSG00000255474.1,0.2,LIHC Tumor
PPA1,ENSG00000180817.11,0.2,LIHC Tumor
MYOM1,ENSG00000101605.12,0.2,LIHC Tumor
SORBS2,ENSG00000154556.17,0.2,LIHC Tumor
MTMR9LP,ENSG00000220785.7,0.2,LIHC Tumor
SAR1B,ENSG00000152700.13,0.2,LIHC Tumor
ATP1B1,ENSG00000143153.12,0.2,LIHC Tumor
ANGPTL6,ENSG00000130812.10,0.2,LIHC Tumor
GSKIP,ENSG00000100744.14,0.2,LIHC Tumor
CRPP1,ENSG00000223603.1,0.2,LIHC Tumor
RGCC,ENSG00000102760.12,0.2,LIHC Tumor
RP11-63P12.7,ENSG00000235523.1,0.2,LIHC Tumor
RP11-299H22.3,ENSG00000166104.14,0.2,LIHC Tumor
SLC31A1,ENSG00000136868.10,0.2,LIHC Tumor
PLA2G12A,ENSG00000123739.10,0.2,LIHC Tumor
RP11-158M2.5,ENSG00000259416.2,0.2,LIHC Tumor
RP11-288K12.1,ENSG00000271500.1,0.2,LIHC Tumor
H6PD,ENSG00000049239.12,0.2,LIHC Tumor
CALCA,ENSG00000110680.12,0.2,LIHC Tumor
GALNT7,ENSG00000109586.11,0.2,LIHC Tumor
GCDH,ENSG00000105607.12,0.2,LIHC Tumor
SLCO4A1,ENSG00000101187.15,0.2,LIHC Tumor
ALDH6A1,ENSG00000119711.12,0.2,LIHC Tumor
ALDH1A2,ENSG00000128918.14,0.2,LIHC Tumor
FAM19A5,ENSG00000219438.8,0.2,LIHC Tumor
RP11-632K5.3,ENSG00000246211.2,0.2,LIHC Tumor
GABARAPL1,ENSG00000139112.10,0.2,LIHC Tumor
AP002518.1,ENSG00000280653.1,0.2,LIHC Tumor
CHRD,ENSG00000090539.15,0.2,LIHC Tumor
NFIC,ENSG00000141905.17,0.2,LIHC Tumor
GDF7,ENSG00000143869.6,0.2,LIHC Tumor
PIGHP1,ENSG00000259657.1,0.2,LIHC Tumor
TP53INP2,ENSG00000078804.12,0.2,LIHC Tumor
VCAN,ENSG00000038427.15,0.2,LIHC Tumor
ADGRL2,ENSG00000117114.19,0.2,LIHC Tumor
LDB2,ENSG00000169744.12,0.2,LIHC Tumor
RP11-93B14.10,ENSG00000276317.1,0.2,LIHC Tumor
LDB3,ENSG00000122367.19,0.2,LIHC Tumor
CDH11,ENSG00000140937.13,0.2,LIHC Tumor
RND3,ENSG00000115963.13,0.2,LIHC Tumor
CTD-2012K14.2,ENSG00000261396.1,0.2,LIHC Tumor
RMDN3,ENSG00000137824.15,0.2,LIHC Tumor
RP11-844P9.2,ENSG00000248596.6,0.2,LIHC Tumor
SLAIN1,ENSG00000139737.21,0.2,LIHC Tumor
CYP4Z1,ENSG00000186160.4,0.2,LIHC Tumor
RP11-631M21.1,ENSG00000260370.1,0.2,LIHC Tumor
RP11-219C24.6,ENSG00000237700.1,0.2,LIHC Tumor
STK19B,ENSG00000250535.1,0.2,LIHC Tumor
RP11-403P17.5,ENSG00000260851.6,0.2,LIHC Tumor
NUDT16P1,ENSG00000246082.2,0.2,LIHC Tumor
GUCY2C,ENSG00000070019.4,0.2,LIHC Tumor
PDE2A,ENSG00000186642.15,0.2,LIHC Tumor
SCCPDH,ENSG00000143653.9,0.2,LIHC Tumor
N4BP2L1,ENSG00000139597.16,0.2,LIHC Tumor
DTHD1,ENSG00000197057.8,0.2,LIHC Tumor
SPAG5-AS1,ENSG00000227543.4,0.2,LIHC Tumor
FOXC2-AS1,ENSG00000260944.1,0.2,LIHC Tumor
RP11-686D22.10,ENSG00000267554.1,0.2,LIHC Tumor
URB1,ENSG00000142207.6,0.2,LIHC Tumor
RNF130,ENSG00000113269.13,0.2,LIHC Tumor
PLEKHG1,ENSG00000120278.14,0.2,LIHC Tumor
WDR44,ENSG00000131725.13,0.2,LIHC Tumor
RP11-507B12.2,ENSG00000259616.2,0.2,LIHC Tumor
GULP1,ENSG00000144366.15,0.2,LIHC Tumor
ORM2,ENSG00000228278.3,0.2,LIHC Tumor
ABCA8,ENSG00000141338.13,0.2,LIHC Tumor
TNIP3,ENSG00000050730.15,0.2,LIHC Tumor
RP11-299H22.6,ENSG00000261296.1,0.2,LIHC Tumor
PLCH2,ENSG00000149527.17,0.2,LIHC Tumor
KLF9,ENSG00000119138.4,0.2,LIHC Tumor
CYP4V2,ENSG00000145476.15,0.2,LIHC Tumor
LMAN1L,ENSG00000140506.16,0.2,LIHC Tumor
SLC41A2,ENSG00000136052.9,0.2,LIHC Tumor
PARP15,ENSG00000173200.12,0.2,LIHC Tumor
GLYATL1,ENSG00000166840.13,0.2,LIHC Tumor
TMEM192,ENSG00000170088.13,0.2,LIHC Tumor
RN7SL343P,ENSG00000273717.1,0.2,LIHC Tumor
RN7SL640P,ENSG00000278825.1,0.2,LIHC Tumor
RN7SL462P,ENSG00000276522.1,0.2,LIHC Tumor
RN7SL422P,ENSG00000274852.1,0.2,LIHC Tumor
IQCJ-SCHIP1-AS1,ENSG00000241211.1,0.2,LIHC Tumor
PAPSS2,ENSG00000198682.12,0.2,LIHC Tumor
CCDC181,ENSG00000117477.12,0.2,LIHC Tumor
RPH3AL,ENSG00000181031.15,0.2,LIHC Tumor
GTF2E2,ENSG00000197265.8,0.2,LIHC Tumor
PRDX3P1,ENSG00000229598.1,0.2,LIHC Tumor
RIPK3,ENSG00000129465.15,0.2,LIHC Tumor
PRAMEF14,ENSG00000204481.7,0.2,LIHC Tumor
RP11-903H12.5,ENSG00000259171.1,0.2,LIHC Tumor
ERG,ENSG00000157554.18,0.2,LIHC Tumor
RP11-484L8.1,ENSG00000267764.1,0.2,LIHC Tumor
SAA4,ENSG00000148965.8,0.2,LIHC Tumor
RP11-15H20.6,ENSG00000213971.7,0.2,LIHC Tumor
CYCS,ENSG00000172115.8,0.2,LIHC Tumor
NSUN6,ENSG00000241058.3,0.2,LIHC Tumor
C1orf168,ENSG00000187889.12,0.2,LIHC Tumor
SHMT1,ENSG00000176974.17,0.19,LIHC Tumor
RPL7P60,ENSG00000214142.2,0.19,LIHC Tumor
FPR2,ENSG00000171049.8,0.19,LIHC Tumor
LYSMD3,ENSG00000176018.12,0.19,LIHC Tumor
CFH,ENSG00000000971.15,0.19,LIHC Tumor
CTD-2371O3.2,ENSG00000254397.1,0.19,LIHC Tumor
ITIH4-AS1,ENSG00000239799.1,0.19,LIHC Tumor
ENPEP,ENSG00000138792.9,0.19,LIHC Tumor
TLR3,ENSG00000164342.12,0.19,LIHC Tumor
RP11-747H7.1,ENSG00000258962.2,0.19,LIHC Tumor
DHODH,ENSG00000102967.11,0.19,LIHC Tumor
AHI1,ENSG00000135541.20,0.19,LIHC Tumor
ADAMTS4,ENSG00000158859.9,0.19,LIHC Tumor
RP11-172E9.2,ENSG00000230058.1,0.19,LIHC Tumor
LONP2,ENSG00000102910.13,0.19,LIHC Tumor
NOSTRIN,ENSG00000163072.14,0.19,LIHC Tumor
TAL1,ENSG00000162367.11,0.19,LIHC Tumor
BZW1P2,ENSG00000198406.7,0.19,LIHC Tumor
ABCA7,ENSG00000064687.12,0.19,LIHC Tumor
GSN,ENSG00000148180.16,0.19,LIHC Tumor
MCFD2,ENSG00000180398.11,0.19,LIHC Tumor
F11R,ENSG00000158769.17,0.19,LIHC Tumor
MFSD1P1,ENSG00000261868.1,0.19,LIHC Tumor
RP1-18D14.7,ENSG00000226252.1,0.19,LIHC Tumor
AC092580.1,ENSG00000229405.1,0.19,LIHC Tumor
CCPG1,ENSG00000260916.5,0.19,LIHC Tumor
SLC1A1,ENSG00000106688.11,0.19,LIHC Tumor
ADAMTS19-AS1,ENSG00000249421.1,0.19,LIHC Tumor
RP11-430H12.2,ENSG00000224570.1,0.19,LIHC Tumor
STEAP3-AS1,ENSG00000229867.1,0.19,LIHC Tumor
FKBP7,ENSG00000079150.17,0.19,LIHC Tumor
CREB3L3,ENSG00000060566.13,0.19,LIHC Tumor
RP11-81A22.4,ENSG00000280254.1,0.19,LIHC Tumor
WASF3,ENSG00000132970.12,0.19,LIHC Tumor
RP11-452D12.1,ENSG00000261208.1,0.19,LIHC Tumor
SDR42E1,ENSG00000184860.9,0.19,LIHC Tumor
LINC00239,ENSG00000258512.1,0.19,LIHC Tumor
FYTTD1P1,ENSG00000234502.2,0.19,LIHC Tumor
DBT,ENSG00000137992.14,0.19,LIHC Tumor
RP3-429O6.1,ENSG00000223342.2,0.19,LIHC Tumor
WI2-87327B8.1,ENSG00000264490.3,0.19,LIHC Tumor
GLT1D1,ENSG00000151948.11,0.19,LIHC Tumor
TSPAN19,ENSG00000231738.10,0.19,LIHC Tumor
C4orf19,ENSG00000154274.14,0.19,LIHC Tumor
LHX5-AS1,ENSG00000257935.2,0.19,LIHC Tumor
AC008592.5,ENSG00000250362.1,0.19,LIHC Tumor
LNX2,ENSG00000139517.7,0.19,LIHC Tumor
PPP1R16B,ENSG00000101445.9,0.19,LIHC Tumor
MARK2P9,ENSG00000232709.1,0.19,LIHC Tumor
TRIM77BP,ENSG00000254993.1,0.19,LIHC Tumor
SRGN,ENSG00000122862.4,0.19,LIHC Tumor
LRRC2,ENSG00000163827.12,0.19,LIHC Tumor
GLCE,ENSG00000138604.9,0.19,LIHC Tumor
SARDH,ENSG00000123453.16,0.19,LIHC Tumor
FPGS,ENSG00000136877.14,0.19,LIHC Tumor
JUNB,ENSG00000171223.5,0.19,LIHC Tumor
RP11-5P18.10,ENSG00000232456.1,0.19,LIHC Tumor
PTER,ENSG00000165983.14,0.19,LIHC Tumor
RP11-12K6.2,ENSG00000258235.1,0.19,LIHC Tumor
ADAM20,ENSG00000134007.3,0.19,LIHC Tumor
LL22NC03-121E8.4,ENSG00000238192.1,0.19,LIHC Tumor
FOXL1,ENSG00000176678.5,0.19,LIHC Tumor
CYFIP2,ENSG00000055163.18,0.19,LIHC Tumor
SMIM12,ENSG00000163866.8,0.19,LIHC Tumor
AC004022.8,ENSG00000228751.1,0.19,LIHC Tumor
KLRC4-KLRK1,ENSG00000255819.6,0.19,LIHC Tumor
DOCK5,ENSG00000147459.17,0.19,LIHC Tumor
F9,ENSG00000101981.10,0.19,LIHC Tumor
KLRC4,ENSG00000183542.5,0.19,LIHC Tumor
TMEM247,ENSG00000187600.12,0.19,LIHC Tumor
CROCCP2,ENSG00000282056.1,0.19,LIHC Tumor
DUSP5,ENSG00000138166.5,0.19,LIHC Tumor
HSP90B2P,ENSG00000259706.1,0.19,LIHC Tumor
APBA1,ENSG00000107282.7,0.19,LIHC Tumor
RP11-290P14.2,ENSG00000223353.2,0.19,LIHC Tumor
RP4-536B24.2,ENSG00000260466.1,0.19,LIHC Tumor
RP11-58K22.4,ENSG00000255092.1,0.19,LIHC Tumor
CTD-2139B15.1,ENSG00000185296.8,0.19,LIHC Tumor
MT-CO1,ENSG00000198804.2,0.19,LIHC Tumor
MGC27382,ENSG00000237413.5,0.19,LIHC Tumor
AC112198.1,ENSG00000232517.2,0.19,LIHC Tumor
TYMP,ENSG00000025708.12,0.19,LIHC Tumor
AMD1P4,ENSG00000215124.2,0.19,LIHC Tumor
MXD1,ENSG00000059728.10,0.19,LIHC Tumor
SMG1P6,ENSG00000254634.4,0.19,LIHC Tumor
SOD2,ENSG00000112096.16,0.19,LIHC Tumor
FGF4,ENSG00000075388.3,0.19,LIHC Tumor
LINC01588,ENSG00000214900.8,0.19,LIHC Tumor
PHGR1,ENSG00000233041.8,0.19,LIHC Tumor
ANKRD22,ENSG00000152766.5,0.19,LIHC Tumor
MIR3180-5,ENSG00000264397.1,0.19,LIHC Tumor
OGN,ENSG00000106809.10,0.19,LIHC Tumor
SMAD9,ENSG00000120693.13,0.19,LIHC Tumor
INSL4,ENSG00000120211.4,0.19,LIHC Tumor
MMRN1,ENSG00000138722.9,0.19,LIHC Tumor
RP11-96D1.6,ENSG00000261469.1,0.19,LIHC Tumor
ZFP91-CNTF,ENSG00000255073.8,0.19,LIHC Tumor
RP1-60O19.1,ENSG00000235142.7,0.19,LIHC Tumor
EREG,ENSG00000124882.3,0.19,LIHC Tumor
COL4A1,ENSG00000187498.14,0.19,LIHC Tumor
C8A,ENSG00000157131.10,0.19,LIHC Tumor
RP11-2B6.2,ENSG00000269929.1,0.19,LIHC Tumor
RP11-405O10.2,ENSG00000225092.2,0.19,LIHC Tumor
PFN1P8,ENSG00000244371.2,0.19,LIHC Tumor
RP11-290F5.1,ENSG00000249096.6,0.19,LIHC Tumor
RP11-328K4.1,ENSG00000248740.5,0.19,LIHC Tumor
LA16c-349E11.1,ENSG00000260702.2,0.19,LIHC Tumor
RP11-156K23.3,ENSG00000275202.1,0.19,LIHC Tumor
GIMAP6,ENSG00000133561.15,0.19,LIHC Tumor
PRAMEF2,ENSG00000120952.4,0.19,LIHC Tumor
AC004893.10,ENSG00000238109.1,0.19,LIHC Tumor
SERPINB11,ENSG00000206072.12,0.19,LIHC Tumor
RP11-144H23.2,ENSG00000278496.1,0.19,LIHC Tumor
FAM169B,ENSG00000185087.11,0.19,LIHC Tumor
MTHFR,ENSG00000177000.10,0.19,LIHC Tumor
AC007278.2,ENSG00000236525.1,0.19,LIHC Tumor
CALCRL,ENSG00000064989.12,0.19,LIHC Tumor
HSD17B12,ENSG00000149084.11,0.19,LIHC Tumor
HIST3H2BA,ENSG00000181201.3,0.19,LIHC Tumor
ANXA10,ENSG00000109511.10,0.19,LIHC Tumor
ACACB,ENSG00000076555.15,0.19,LIHC Tumor
RP11-440I14.3,ENSG00000251584.1,0.19,LIHC Tumor
RP11-201A3.1,ENSG00000261182.1,0.19,LIHC Tumor
GAL,ENSG00000069482.6,0.19,LIHC Tumor
HMGB3,ENSG00000029993.14,0.19,LIHC Tumor
KB-1552D7.2,ENSG00000179577.3,0.19,LIHC Tumor
TNXB,ENSG00000168477.17,0.19,LIHC Tumor
RP11-533K9.3,ENSG00000224245.1,0.19,LIHC Tumor
RP11-550A5.2,ENSG00000254431.1,0.19,LIHC Tumor
RP11-346M5.1,ENSG00000238145.2,0.19,LIHC Tumor
C19orf66,ENSG00000130813.17,0.19,LIHC Tumor
MTND4P19,ENSG00000230338.1,0.19,LIHC Tumor
CD14,ENSG00000170458.13,0.19,LIHC Tumor
PRAMEF8,ENSG00000182330.10,0.19,LIHC Tumor
